<?xml version="1.0" encoding="UTF-8" ?>

<hibernate-configuration>
    <session-factory>
        <property name="hibernate.connection.username">root</property>
        <property name="hibernate.connection.password"></property>
        <property name="hibernate.connection.url">
            jdbc:mysql://localhost/myarticledatabase?createDatabaseIfNotExist=true
        </property>
        <property name="hibernate.connection.driver_class">
            com.mysql.cj.jdbc.Driver
        </property>
        <property name="hibernate.dialect">
            org.hibernate.dialect.MySQL8Dialect
        </property>
        <property name="show_sql">true</property>
        <property name="hibernate.hbm2ddl.auto">update</property>
        <property name="hibernate.current_session_context_class">
            thread
        </property>
        <!-- Mapping -->
        <mapping class="ir.mctab.java32.entities.User"></mapping>
        <mapping class="ir.mctab.java32.entities.Article"></mapping>
        <mapping class="ir.mctab.java32.entities.Category"></mapping>
    </session-factory>
</hibernate-configuration>